target,model,accuracy,accuracy_sd,precision,precision_sd,recall,recall_sd,f1,f1_sd,roc_auc,roc_auc_sd
CAD,LogReg(C=1),0.838,0.037,0.915,0.028,0.853,0.048,0.882,0.029,0.909,0.026
CAD,LogReg(C=0.1),0.861,0.033,0.941,0.029,0.861,0.045,0.898,0.025,0.928,0.025
CAD,RandomForest,0.87,0.035,0.918,0.037,0.9,0.034,0.908,0.024,0.928,0.034
CAD,XGBoost,0.871,0.037,0.917,0.039,0.903,0.034,0.909,0.025,0.913,0.037
LAD,LogReg(C=1),0.734,0.05,0.797,0.038,0.733,0.085,0.761,0.053,0.813,0.052
LAD,LogReg(C=0.1),0.736,0.055,0.793,0.051,0.746,0.074,0.766,0.052,0.825,0.057
LAD,RandomForest,0.792,0.033,0.813,0.04,0.842,0.064,0.825,0.03,0.856,0.046
LAD,XGBoost,0.764,0.046,0.796,0.048,0.808,0.08,0.799,0.043,0.829,0.053
LCX,LogReg(C=1),0.621,0.057,0.523,0.07,0.574,0.071,0.544,0.058,0.647,0.06
LCX,LogReg(C=0.1),0.628,0.059,0.529,0.07,0.593,0.067,0.557,0.06,0.662,0.063
LCX,RandomForest,0.695,0.05,0.611,0.072,0.639,0.072,0.622,0.058,0.738,0.066
LCX,XGBoost,0.704,0.053,0.631,0.083,0.608,0.088,0.616,0.071,0.745,0.067
RCA,LogReg(C=1),0.647,0.053,0.529,0.059,0.623,0.103,0.568,0.065,0.703,0.047
RCA,LogReg(C=0.1),0.662,0.046,0.548,0.058,0.652,0.108,0.59,0.059,0.719,0.038
RCA,RandomForest,0.668,0.053,0.562,0.082,0.57,0.111,0.561,0.077,0.718,0.051
RCA,XGBoost,0.662,0.047,0.57,0.098,0.532,0.112,0.539,0.063,0.701,0.061
